model,input_size,params_m,best_map50_95,fps_wall
YOLOv8n baseline,640,3.013,0.18386,35.75
YOLO11s baseline,640,9.432,0.22719,66.13
YOLO11n baseline,640,2.592,0.18238,67.18
YOLO11n baseline 960,960,2.592,0.25067,59.33
YOLO11n-P2,640,2.894,0.19012,62.72
YOLO11n-P2-CoordAttention,640,2.904,0.19044,60.36
YOLO11n-P2-CoordAttention-960,960,2.904,0.25174,53.49
YOLO11n-P2-CoordAttention-SmallObjAug,640,2.904,0.18699,59.85
